text,intent,user_type
Show all restaurants,admin_list_restaurants,admin
List restaurants,admin_list_restaurants,admin
Display restaurants,admin_list_restaurants,admin
What restaurants do we have?,admin_list_restaurants,admin
Show restaurant list,admin_list_restaurants,admin
Get all restaurants,admin_list_restaurants,admin
View restaurants,admin_list_restaurants,admin
Restaurant list please,admin_list_restaurants,admin
Can you show restaurants?,admin_list_restaurants,admin
I want to see all restaurants,admin_list_restaurants,admin
Show me the restaurants,admin_list_restaurants,admin
Display all restaurants,admin_list_restaurants,admin
List all restaurants in system,admin_list_restaurants,admin
What restaurants are available?,admin_list_restaurants,admin
Show available restaurants,admin_list_restaurants,admin
Restaurants menu,admin_list_restaurants,admin
Show restaurant database,admin_list_restaurants,admin
View all restaurants,admin_list_restaurants,admin
Display restaurant list,admin_list_restaurants,admin
Show me restaurants,admin_list_restaurants,admin
Show all restaurants,admin_list_restaurants,admin
List restaurants,admin_list_restaurants,admin
Display restaurants,admin_list_restaurants,admin
What restaurants do we have?,admin_list_restaurants,admin
Show restaurant list,admin_list_restaurants,admin
Get all restaurants,admin_list_restaurants,admin
View restaurants,admin_list_restaurants,admin
Restaurant list please,admin_list_restaurants,admin
Can you show restaurants?,admin_list_restaurants,admin
I want to see all restaurants,admin_list_restaurants,admin
Show me the restaurants,admin_list_restaurants,admin
Display all restaurants,admin_list_restaurants,admin
List all restaurants in system,admin_list_restaurants,admin
What restaurants are available?,admin_list_restaurants,admin
Show available restaurants,admin_list_restaurants,admin
Restaurants menu,admin_list_restaurants,admin
Show restaurant database,admin_list_restaurants,admin
View all restaurants,admin_list_restaurants,admin
Display restaurant list,admin_list_restaurants,admin
Show me restaurants,admin_list_restaurants,admin
Show all restaurants,admin_list_restaurants,admin
List restaurants,admin_list_restaurants,admin
Display restaurants,admin_list_restaurants,admin
What restaurants do we have?,admin_list_restaurants,admin
Show restaurant list,admin_list_restaurants,admin
Get all restaurants,admin_list_restaurants,admin
View restaurants,admin_list_restaurants,admin
Restaurant list please,admin_list_restaurants,admin
Can you show restaurants?,admin_list_restaurants,admin
I want to see all restaurants,admin_list_restaurants,admin
Show me the restaurants,admin_list_restaurants,admin
Display all restaurants,admin_list_restaurants,admin
List all restaurants in system,admin_list_restaurants,admin
What restaurants are available?,admin_list_restaurants,admin
Show available restaurants,admin_list_restaurants,admin
Restaurants menu,admin_list_restaurants,admin
Show restaurant database,admin_list_restaurants,admin
View all restaurants,admin_list_restaurants,admin
Display restaurant list,admin_list_restaurants,admin
Show me restaurants,admin_list_restaurants,admin
Show all restaurants,admin_list_restaurants,admin
List restaurants,admin_list_restaurants,admin
Display restaurants,admin_list_restaurants,admin
What restaurants do we have?,admin_list_restaurants,admin
Show restaurant list,admin_list_restaurants,admin
Get all restaurants,admin_list_restaurants,admin
View restaurants,admin_list_restaurants,admin
Restaurant list please,admin_list_restaurants,admin
Can you show restaurants?,admin_list_restaurants,admin
I want to see all restaurants,admin_list_restaurants,admin
Show me the restaurants,admin_list_restaurants,admin
Display all restaurants,admin_list_restaurants,admin
List all restaurants in system,admin_list_restaurants,admin
What restaurants are available?,admin_list_restaurants,admin
Show available restaurants,admin_list_restaurants,admin
Restaurants menu,admin_list_restaurants,admin
Show restaurant database,admin_list_restaurants,admin
View all restaurants,admin_list_restaurants,admin
Display restaurant list,admin_list_restaurants,admin
Show me restaurants,admin_list_restaurants,admin
Show all restaurants,admin_list_restaurants,admin
List restaurants,admin_list_restaurants,admin
Display restaurants,admin_list_restaurants,admin
What restaurants do we have?,admin_list_restaurants,admin
Show restaurant list,admin_list_restaurants,admin
Get all restaurants,admin_list_restaurants,admin
View restaurants,admin_list_restaurants,admin
Restaurant list please,admin_list_restaurants,admin
Can you show restaurants?,admin_list_restaurants,admin
I want to see all restaurants,admin_list_restaurants,admin
Show me the restaurants,admin_list_restaurants,admin
Display all restaurants,admin_list_restaurants,admin
List all restaurants in system,admin_list_restaurants,admin
What restaurants are available?,admin_list_restaurants,admin
Show available restaurants,admin_list_restaurants,admin
Restaurants menu,admin_list_restaurants,admin
Show restaurant database,admin_list_restaurants,admin
View all restaurants,admin_list_restaurants,admin
Display restaurant list,admin_list_restaurants,admin
Show me restaurants,admin_list_restaurants,admin
Show all food items,admin_list_foods,admin
List food items,admin_list_foods,admin
Display menu,admin_list_foods,admin
What food items do we have?,admin_list_foods,admin
Show food list,admin_list_foods,admin
Get all food items,admin_list_foods,admin
View food menu,admin_list_foods,admin
Food list please,admin_list_foods,admin
Can you show food items?,admin_list_foods,admin
I want to see all foods,admin_list_foods,admin
Show me the food menu,admin_list_foods,admin
Display all foods,admin_list_foods,admin
List all food items,admin_list_foods,admin
What food is available?,admin_list_foods,admin
Show available food,admin_list_foods,admin
Food menu,admin_list_foods,admin
Show food database,admin_list_foods,admin
View all food items,admin_list_foods,admin
Display food list,admin_list_foods,admin
Show me food items,admin_list_foods,admin
Show all food items,admin_list_foods,admin
List food items,admin_list_foods,admin
Display menu,admin_list_foods,admin
What food items do we have?,admin_list_foods,admin
Show food list,admin_list_foods,admin
Get all food items,admin_list_foods,admin
View food menu,admin_list_foods,admin
Food list please,admin_list_foods,admin
Can you show food items?,admin_list_foods,admin
I want to see all foods,admin_list_foods,admin
Show me the food menu,admin_list_foods,admin
Display all foods,admin_list_foods,admin
List all food items,admin_list_foods,admin
What food is available?,admin_list_foods,admin
Show available food,admin_list_foods,admin
Food menu,admin_list_foods,admin
Show food database,admin_list_foods,admin
View all food items,admin_list_foods,admin
Display food list,admin_list_foods,admin
Show me food items,admin_list_foods,admin
Show all food items,admin_list_foods,admin
List food items,admin_list_foods,admin
Display menu,admin_list_foods,admin
What food items do we have?,admin_list_foods,admin
Show food list,admin_list_foods,admin
Get all food items,admin_list_foods,admin
View food menu,admin_list_foods,admin
Food list please,admin_list_foods,admin
Can you show food items?,admin_list_foods,admin
I want to see all foods,admin_list_foods,admin
Show me the food menu,admin_list_foods,admin
Display all foods,admin_list_foods,admin
List all food items,admin_list_foods,admin
What food is available?,admin_list_foods,admin
Show available food,admin_list_foods,admin
Food menu,admin_list_foods,admin
Show food database,admin_list_foods,admin
View all food items,admin_list_foods,admin
Display food list,admin_list_foods,admin
Show me food items,admin_list_foods,admin
Show all food items,admin_list_foods,admin
List food items,admin_list_foods,admin
Display menu,admin_list_foods,admin
What food items do we have?,admin_list_foods,admin
Show food list,admin_list_foods,admin
Get all food items,admin_list_foods,admin
View food menu,admin_list_foods,admin
Food list please,admin_list_foods,admin
Can you show food items?,admin_list_foods,admin
I want to see all foods,admin_list_foods,admin
Show me the food menu,admin_list_foods,admin
Display all foods,admin_list_foods,admin
List all food items,admin_list_foods,admin
What food is available?,admin_list_foods,admin
Show available food,admin_list_foods,admin
Food menu,admin_list_foods,admin
Show food database,admin_list_foods,admin
View all food items,admin_list_foods,admin
Display food list,admin_list_foods,admin
Show me food items,admin_list_foods,admin
Show all food items,admin_list_foods,admin
List food items,admin_list_foods,admin
Display menu,admin_list_foods,admin
What food items do we have?,admin_list_foods,admin
Show food list,admin_list_foods,admin
Get all food items,admin_list_foods,admin
View food menu,admin_list_foods,admin
Food list please,admin_list_foods,admin
Can you show food items?,admin_list_foods,admin
I want to see all foods,admin_list_foods,admin
Show me the food menu,admin_list_foods,admin
Display all foods,admin_list_foods,admin
List all food items,admin_list_foods,admin
What food is available?,admin_list_foods,admin
Show available food,admin_list_foods,admin
Food menu,admin_list_foods,admin
Show food database,admin_list_foods,admin
View all food items,admin_list_foods,admin
Display food list,admin_list_foods,admin
Show me food items,admin_list_foods,admin
Show all orders,admin_list_orders,admin
List orders,admin_list_orders,admin
Display orders,admin_list_orders,admin
What orders do we have?,admin_list_orders,admin
Show order list,admin_list_orders,admin
Get all orders,admin_list_orders,admin
View orders,admin_list_orders,admin
Order list please,admin_list_orders,admin
Can you show orders?,admin_list_orders,admin
I want to see all orders,admin_list_orders,admin
Show me the orders,admin_list_orders,admin
Display all orders,admin_list_orders,admin
List all orders,admin_list_orders,admin
What orders are pending?,admin_list_orders,admin
Show recent orders,admin_list_orders,admin
Orders database,admin_list_orders,admin
Show order database,admin_list_orders,admin
View all orders,admin_list_orders,admin
Display order list,admin_list_orders,admin
Show me orders,admin_list_orders,admin
Show all orders,admin_list_orders,admin
List orders,admin_list_orders,admin
Display orders,admin_list_orders,admin
What orders do we have?,admin_list_orders,admin
Show order list,admin_list_orders,admin
Get all orders,admin_list_orders,admin
View orders,admin_list_orders,admin
Order list please,admin_list_orders,admin
Can you show orders?,admin_list_orders,admin
I want to see all orders,admin_list_orders,admin
Show me the orders,admin_list_orders,admin
Display all orders,admin_list_orders,admin
List all orders,admin_list_orders,admin
What orders are pending?,admin_list_orders,admin
Show recent orders,admin_list_orders,admin
Orders database,admin_list_orders,admin
Show order database,admin_list_orders,admin
View all orders,admin_list_orders,admin
Display order list,admin_list_orders,admin
Show me orders,admin_list_orders,admin
Show all orders,admin_list_orders,admin
List orders,admin_list_orders,admin
Display orders,admin_list_orders,admin
What orders do we have?,admin_list_orders,admin
Show order list,admin_list_orders,admin
Get all orders,admin_list_orders,admin
View orders,admin_list_orders,admin
Order list please,admin_list_orders,admin
Can you show orders?,admin_list_orders,admin
I want to see all orders,admin_list_orders,admin
Show me the orders,admin_list_orders,admin
Display all orders,admin_list_orders,admin
List all orders,admin_list_orders,admin
What orders are pending?,admin_list_orders,admin
Show recent orders,admin_list_orders,admin
Orders database,admin_list_orders,admin
Show order database,admin_list_orders,admin
View all orders,admin_list_orders,admin
Display order list,admin_list_orders,admin
Show me orders,admin_list_orders,admin
Show all orders,admin_list_orders,admin
List orders,admin_list_orders,admin
Display orders,admin_list_orders,admin
What orders do we have?,admin_list_orders,admin
Show order list,admin_list_orders,admin
Get all orders,admin_list_orders,admin
View orders,admin_list_orders,admin
Order list please,admin_list_orders,admin
Can you show orders?,admin_list_orders,admin
I want to see all orders,admin_list_orders,admin
Show me the orders,admin_list_orders,admin
Display all orders,admin_list_orders,admin
List all orders,admin_list_orders,admin
What orders are pending?,admin_list_orders,admin
Show recent orders,admin_list_orders,admin
Orders database,admin_list_orders,admin
Show order database,admin_list_orders,admin
View all orders,admin_list_orders,admin
Display order list,admin_list_orders,admin
Show me orders,admin_list_orders,admin
Show all orders,admin_list_orders,admin
List orders,admin_list_orders,admin
Display orders,admin_list_orders,admin
What orders do we have?,admin_list_orders,admin
Show order list,admin_list_orders,admin
Get all orders,admin_list_orders,admin
View orders,admin_list_orders,admin
Order list please,admin_list_orders,admin
Can you show orders?,admin_list_orders,admin
I want to see all orders,admin_list_orders,admin
Show me the orders,admin_list_orders,admin
Display all orders,admin_list_orders,admin
List all orders,admin_list_orders,admin
What orders are pending?,admin_list_orders,admin
Show recent orders,admin_list_orders,admin
Orders database,admin_list_orders,admin
Show order database,admin_list_orders,admin
View all orders,admin_list_orders,admin
Display order list,admin_list_orders,admin
Show me orders,admin_list_orders,admin
Add new restaurant,admin_add_restaurant,admin
Create restaurant,admin_add_restaurant,admin
New restaurant,admin_add_restaurant,admin
Add a restaurant,admin_add_restaurant,admin
Create new restaurant,admin_add_restaurant,admin
Register restaurant,admin_add_restaurant,admin
Add restaurant to system,admin_add_restaurant,admin
Create a restaurant,admin_add_restaurant,admin
Add new food place,admin_add_restaurant,admin
Register new restaurant,admin_add_restaurant,admin
Add restaurant entry,admin_add_restaurant,admin
Create restaurant entry,admin_add_restaurant,admin
Add dining place,admin_add_restaurant,admin
Register food outlet,admin_add_restaurant,admin
Add new outlet,admin_add_restaurant,admin
Create food establishment,admin_add_restaurant,admin
Add restaurant profile,admin_add_restaurant,admin
Register restaurant profile,admin_add_restaurant,admin
Add new restaurant entry,admin_add_restaurant,admin
Add new restaurant,admin_add_restaurant,admin
Create restaurant,admin_add_restaurant,admin
New restaurant,admin_add_restaurant,admin
Add a restaurant,admin_add_restaurant,admin
Create new restaurant,admin_add_restaurant,admin
Register restaurant,admin_add_restaurant,admin
Add restaurant to system,admin_add_restaurant,admin
Create a restaurant,admin_add_restaurant,admin
Add new food place,admin_add_restaurant,admin
Register new restaurant,admin_add_restaurant,admin
Add restaurant entry,admin_add_restaurant,admin
Create restaurant entry,admin_add_restaurant,admin
Add dining place,admin_add_restaurant,admin
Register food outlet,admin_add_restaurant,admin
Add new outlet,admin_add_restaurant,admin
Create food establishment,admin_add_restaurant,admin
Add restaurant profile,admin_add_restaurant,admin
Register restaurant profile,admin_add_restaurant,admin
Add new restaurant entry,admin_add_restaurant,admin
Add new restaurant,admin_add_restaurant,admin
Create restaurant,admin_add_restaurant,admin
New restaurant,admin_add_restaurant,admin
Add a restaurant,admin_add_restaurant,admin
Create new restaurant,admin_add_restaurant,admin
Register restaurant,admin_add_restaurant,admin
Add restaurant to system,admin_add_restaurant,admin
Create a restaurant,admin_add_restaurant,admin
Add new food place,admin_add_restaurant,admin
Register new restaurant,admin_add_restaurant,admin
Add restaurant entry,admin_add_restaurant,admin
Create restaurant entry,admin_add_restaurant,admin
Add dining place,admin_add_restaurant,admin
Register food outlet,admin_add_restaurant,admin
Add new outlet,admin_add_restaurant,admin
Create food establishment,admin_add_restaurant,admin
Add restaurant profile,admin_add_restaurant,admin
Register restaurant profile,admin_add_restaurant,admin
Add new restaurant entry,admin_add_restaurant,admin
Add new restaurant,admin_add_restaurant,admin
Create restaurant,admin_add_restaurant,admin
New restaurant,admin_add_restaurant,admin
Add a restaurant,admin_add_restaurant,admin
Create new restaurant,admin_add_restaurant,admin
Register restaurant,admin_add_restaurant,admin
Add restaurant to system,admin_add_restaurant,admin
Create a restaurant,admin_add_restaurant,admin
Add new food place,admin_add_restaurant,admin
Register new restaurant,admin_add_restaurant,admin
Add restaurant entry,admin_add_restaurant,admin
Create restaurant entry,admin_add_restaurant,admin
Add dining place,admin_add_restaurant,admin
Register food outlet,admin_add_restaurant,admin
Add new outlet,admin_add_restaurant,admin
Create food establishment,admin_add_restaurant,admin
Add restaurant profile,admin_add_restaurant,admin
Register restaurant profile,admin_add_restaurant,admin
Add new restaurant entry,admin_add_restaurant,admin
Add new restaurant,admin_add_restaurant,admin
Create restaurant,admin_add_restaurant,admin
New restaurant,admin_add_restaurant,admin
Add a restaurant,admin_add_restaurant,admin
Create new restaurant,admin_add_restaurant,admin
Register restaurant,admin_add_restaurant,admin
Add restaurant to system,admin_add_restaurant,admin
Create a restaurant,admin_add_restaurant,admin
Add new food place,admin_add_restaurant,admin
Register new restaurant,admin_add_restaurant,admin
Add restaurant entry,admin_add_restaurant,admin
Create restaurant entry,admin_add_restaurant,admin
Add dining place,admin_add_restaurant,admin
Register food outlet,admin_add_restaurant,admin
Add new outlet,admin_add_restaurant,admin
Create food establishment,admin_add_restaurant,admin
Add restaurant profile,admin_add_restaurant,admin
Register restaurant profile,admin_add_restaurant,admin
Add new restaurant entry,admin_add_restaurant,admin
Add new restaurant,admin_add_restaurant,admin
Create restaurant,admin_add_restaurant,admin
New restaurant,admin_add_restaurant,admin
Add a restaurant,admin_add_restaurant,admin
Create new restaurant,admin_add_restaurant,admin
Add new food item,admin_add_food,admin
Create food item,admin_add_food,admin
New food item,admin_add_food,admin
Add a food item,admin_add_food,admin
Create new food,admin_add_food,admin
Register food item,admin_add_food,admin
Add food to menu,admin_add_food,admin
Create a food item,admin_add_food,admin
Add new dish,admin_add_food,admin
Register new food,admin_add_food,admin
Add food entry,admin_add_food,admin
Create food entry,admin_add_food,admin
Add new menu item,admin_add_food,admin
Register dish,admin_add_food,admin
Add new food product,admin_add_food,admin
Create food product,admin_add_food,admin
Add menu item,admin_add_food,admin
Register menu item,admin_add_food,admin
Add new food entry,admin_add_food,admin
Add new food item,admin_add_food,admin
Create food item,admin_add_food,admin
New food item,admin_add_food,admin
Add a food item,admin_add_food,admin
Create new food,admin_add_food,admin
Register food item,admin_add_food,admin
Add food to menu,admin_add_food,admin
Create a food item,admin_add_food,admin
Add new dish,admin_add_food,admin
Register new food,admin_add_food,admin
Add food entry,admin_add_food,admin
Create food entry,admin_add_food,admin
Add new menu item,admin_add_food,admin
Register dish,admin_add_food,admin
Add new food product,admin_add_food,admin
Create food product,admin_add_food,admin
Add menu item,admin_add_food,admin
Register menu item,admin_add_food,admin
Add new food entry,admin_add_food,admin
Add new food item,admin_add_food,admin
Create food item,admin_add_food,admin
New food item,admin_add_food,admin
Add a food item,admin_add_food,admin
Create new food,admin_add_food,admin
Register food item,admin_add_food,admin
Add food to menu,admin_add_food,admin
Create a food item,admin_add_food,admin
Add new dish,admin_add_food,admin
Register new food,admin_add_food,admin
Add food entry,admin_add_food,admin
Create food entry,admin_add_food,admin
Add new menu item,admin_add_food,admin
Register dish,admin_add_food,admin
Add new food product,admin_add_food,admin
Create food product,admin_add_food,admin
Add menu item,admin_add_food,admin
Register menu item,admin_add_food,admin
Add new food entry,admin_add_food,admin
Add new food item,admin_add_food,admin
Create food item,admin_add_food,admin
New food item,admin_add_food,admin
Add a food item,admin_add_food,admin
Create new food,admin_add_food,admin
Register food item,admin_add_food,admin
Add food to menu,admin_add_food,admin
Create a food item,admin_add_food,admin
Add new dish,admin_add_food,admin
Register new food,admin_add_food,admin
Add food entry,admin_add_food,admin
Create food entry,admin_add_food,admin
Add new menu item,admin_add_food,admin
Register dish,admin_add_food,admin
Add new food product,admin_add_food,admin
Create food product,admin_add_food,admin
Add menu item,admin_add_food,admin
Register menu item,admin_add_food,admin
Add new food entry,admin_add_food,admin
Add new food item,admin_add_food,admin
Create food item,admin_add_food,admin
New food item,admin_add_food,admin
Add a food item,admin_add_food,admin
Create new food,admin_add_food,admin
Register food item,admin_add_food,admin
Add food to menu,admin_add_food,admin
Create a food item,admin_add_food,admin
Add new dish,admin_add_food,admin
Register new food,admin_add_food,admin
Add food entry,admin_add_food,admin
Create food entry,admin_add_food,admin
Add new menu item,admin_add_food,admin
Register dish,admin_add_food,admin
Add new food product,admin_add_food,admin
Create food product,admin_add_food,admin
Add menu item,admin_add_food,admin
Register menu item,admin_add_food,admin
Add new food entry,admin_add_food,admin
Add new food item,admin_add_food,admin
Create food item,admin_add_food,admin
New food item,admin_add_food,admin
Add a food item,admin_add_food,admin
Create new food,admin_add_food,admin
Delete restaurant,admin_delete_restaurant,admin
Remove restaurant,admin_delete_restaurant,admin
Delete a restaurant,admin_delete_restaurant,admin
Remove a restaurant,admin_delete_restaurant,admin
Delete restaurant entry,admin_delete_restaurant,admin
Remove restaurant from system,admin_delete_restaurant,admin
Delete food place,admin_delete_restaurant,admin
Remove dining place,admin_delete_restaurant,admin
Delete restaurant profile,admin_delete_restaurant,admin
Remove restaurant entry,admin_delete_restaurant,admin
Delete outlet,admin_delete_restaurant,admin
Remove food outlet,admin_delete_restaurant,admin
Delete establishment,admin_delete_restaurant,admin
Remove food establishment,admin_delete_restaurant,admin
Delete restaurant record,admin_delete_restaurant,admin
Delete restaurant,admin_delete_restaurant,admin
Remove restaurant,admin_delete_restaurant,admin
Delete a restaurant,admin_delete_restaurant,admin
Remove a restaurant,admin_delete_restaurant,admin
Delete restaurant entry,admin_delete_restaurant,admin
Remove restaurant from system,admin_delete_restaurant,admin
Delete food place,admin_delete_restaurant,admin
Remove dining place,admin_delete_restaurant,admin
Delete restaurant profile,admin_delete_restaurant,admin
Remove restaurant entry,admin_delete_restaurant,admin
Delete outlet,admin_delete_restaurant,admin
Remove food outlet,admin_delete_restaurant,admin
Delete establishment,admin_delete_restaurant,admin
Remove food establishment,admin_delete_restaurant,admin
Delete restaurant record,admin_delete_restaurant,admin
Delete restaurant,admin_delete_restaurant,admin
Remove restaurant,admin_delete_restaurant,admin
Delete a restaurant,admin_delete_restaurant,admin
Remove a restaurant,admin_delete_restaurant,admin
Delete restaurant entry,admin_delete_restaurant,admin
Remove restaurant from system,admin_delete_restaurant,admin
Delete food place,admin_delete_restaurant,admin
Remove dining place,admin_delete_restaurant,admin
Delete restaurant profile,admin_delete_restaurant,admin
Remove restaurant entry,admin_delete_restaurant,admin
Delete outlet,admin_delete_restaurant,admin
Remove food outlet,admin_delete_restaurant,admin
Delete establishment,admin_delete_restaurant,admin
Remove food establishment,admin_delete_restaurant,admin
Delete restaurant record,admin_delete_restaurant,admin
Delete restaurant,admin_delete_restaurant,admin
Remove restaurant,admin_delete_restaurant,admin
Delete a restaurant,admin_delete_restaurant,admin
Remove a restaurant,admin_delete_restaurant,admin
Delete restaurant entry,admin_delete_restaurant,admin
Remove restaurant from system,admin_delete_restaurant,admin
Delete food place,admin_delete_restaurant,admin
Remove dining place,admin_delete_restaurant,admin
Delete restaurant profile,admin_delete_restaurant,admin
Remove restaurant entry,admin_delete_restaurant,admin
Delete outlet,admin_delete_restaurant,admin
Remove food outlet,admin_delete_restaurant,admin
Delete establishment,admin_delete_restaurant,admin
Remove food establishment,admin_delete_restaurant,admin
Delete restaurant record,admin_delete_restaurant,admin
Delete restaurant,admin_delete_restaurant,admin
Remove restaurant,admin_delete_restaurant,admin
Delete a restaurant,admin_delete_restaurant,admin
Remove a restaurant,admin_delete_restaurant,admin
Delete restaurant entry,admin_delete_restaurant,admin
Remove restaurant from system,admin_delete_restaurant,admin
Delete food place,admin_delete_restaurant,admin
Remove dining place,admin_delete_restaurant,admin
Delete restaurant profile,admin_delete_restaurant,admin
Remove restaurant entry,admin_delete_restaurant,admin
Delete outlet,admin_delete_restaurant,admin
Remove food outlet,admin_delete_restaurant,admin
Delete establishment,admin_delete_restaurant,admin
Remove food establishment,admin_delete_restaurant,admin
Delete restaurant record,admin_delete_restaurant,admin
Delete restaurant,admin_delete_restaurant,admin
Remove restaurant,admin_delete_restaurant,admin
Delete a restaurant,admin_delete_restaurant,admin
Remove a restaurant,admin_delete_restaurant,admin
Delete restaurant entry,admin_delete_restaurant,admin
Remove restaurant from system,admin_delete_restaurant,admin
Delete food place,admin_delete_restaurant,admin
Remove dining place,admin_delete_restaurant,admin
Delete restaurant profile,admin_delete_restaurant,admin
Remove restaurant entry,admin_delete_restaurant,admin
Delete outlet,admin_delete_restaurant,admin
Remove food outlet,admin_delete_restaurant,admin
Delete establishment,admin_delete_restaurant,admin
Remove food establishment,admin_delete_restaurant,admin
Delete restaurant record,admin_delete_restaurant,admin
Delete restaurant,admin_delete_restaurant,admin
Remove restaurant,admin_delete_restaurant,admin
Delete a restaurant,admin_delete_restaurant,admin
Remove a restaurant,admin_delete_restaurant,admin
Delete restaurant entry,admin_delete_restaurant,admin
Remove restaurant from system,admin_delete_restaurant,admin
Delete food place,admin_delete_restaurant,admin
Remove dining place,admin_delete_restaurant,admin
Delete restaurant profile,admin_delete_restaurant,admin
Remove restaurant entry,admin_delete_restaurant,admin
Delete food item,admin_delete_food,admin
Remove food item,admin_delete_food,admin
Delete a food item,admin_delete_food,admin
Remove a food item,admin_delete_food,admin
Delete food entry,admin_delete_food,admin
Remove food from menu,admin_delete_food,admin
Delete dish,admin_delete_food,admin
Remove dish,admin_delete_food,admin
Delete menu item,admin_delete_food,admin
Remove menu item,admin_delete_food,admin
Delete food product,admin_delete_food,admin
Remove food product,admin_delete_food,admin
Delete food record,admin_delete_food,admin
Delete food item,admin_delete_food,admin
Remove food item,admin_delete_food,admin
Delete a food item,admin_delete_food,admin
Remove a food item,admin_delete_food,admin
Delete food entry,admin_delete_food,admin
Remove food from menu,admin_delete_food,admin
Delete dish,admin_delete_food,admin
Remove dish,admin_delete_food,admin
Delete menu item,admin_delete_food,admin
Remove menu item,admin_delete_food,admin
Delete food product,admin_delete_food,admin
Remove food product,admin_delete_food,admin
Delete food record,admin_delete_food,admin
Delete food item,admin_delete_food,admin
Remove food item,admin_delete_food,admin
Delete a food item,admin_delete_food,admin
Remove a food item,admin_delete_food,admin
Delete food entry,admin_delete_food,admin
Remove food from menu,admin_delete_food,admin
Delete dish,admin_delete_food,admin
Remove dish,admin_delete_food,admin
Delete menu item,admin_delete_food,admin
Remove menu item,admin_delete_food,admin
Delete food product,admin_delete_food,admin
Remove food product,admin_delete_food,admin
Delete food record,admin_delete_food,admin
Delete food item,admin_delete_food,admin
Remove food item,admin_delete_food,admin
Delete a food item,admin_delete_food,admin
Remove a food item,admin_delete_food,admin
Delete food entry,admin_delete_food,admin
Remove food from menu,admin_delete_food,admin
Delete dish,admin_delete_food,admin
Remove dish,admin_delete_food,admin
Delete menu item,admin_delete_food,admin
Remove menu item,admin_delete_food,admin
Delete food product,admin_delete_food,admin
Remove food product,admin_delete_food,admin
Delete food record,admin_delete_food,admin
Delete food item,admin_delete_food,admin
Remove food item,admin_delete_food,admin
Delete a food item,admin_delete_food,admin
Remove a food item,admin_delete_food,admin
Delete food entry,admin_delete_food,admin
Remove food from menu,admin_delete_food,admin
Delete dish,admin_delete_food,admin
Remove dish,admin_delete_food,admin
Delete menu item,admin_delete_food,admin
Remove menu item,admin_delete_food,admin
Delete food product,admin_delete_food,admin
Remove food product,admin_delete_food,admin
Delete food record,admin_delete_food,admin
Delete food item,admin_delete_food,admin
Remove food item,admin_delete_food,admin
Delete a food item,admin_delete_food,admin
Remove a food item,admin_delete_food,admin
Delete food entry,admin_delete_food,admin
Remove food from menu,admin_delete_food,admin
Delete dish,admin_delete_food,admin
Remove dish,admin_delete_food,admin
Delete menu item,admin_delete_food,admin
Remove menu item,admin_delete_food,admin
Delete food product,admin_delete_food,admin
Remove food product,admin_delete_food,admin
Delete food record,admin_delete_food,admin
Delete food item,admin_delete_food,admin
Remove food item,admin_delete_food,admin
Delete a food item,admin_delete_food,admin
Remove a food item,admin_delete_food,admin
Delete food entry,admin_delete_food,admin
Remove food from menu,admin_delete_food,admin
Delete dish,admin_delete_food,admin
Remove dish,admin_delete_food,admin
Delete menu item,admin_delete_food,admin
Remove menu item,admin_delete_food,admin
Delete food product,admin_delete_food,admin
Remove food product,admin_delete_food,admin
Delete food record,admin_delete_food,admin
Delete food item,admin_delete_food,admin
Remove food item,admin_delete_food,admin
Delete a food item,admin_delete_food,admin
Remove a food item,admin_delete_food,admin
Delete food entry,admin_delete_food,admin
Remove food from menu,admin_delete_food,admin
Delete dish,admin_delete_food,admin
Remove dish,admin_delete_food,admin
Delete menu item,admin_delete_food,admin
Update order status,admin_update_order_status,admin
Change order status,admin_update_order_status,admin
Modify order status,admin_update_order_status,admin
Update order state,admin_update_order_status,admin
Change order state,admin_update_order_status,admin
Modify order state,admin_update_order_status,admin
Update delivery status,admin_update_order_status,admin
Change delivery status,admin_update_order_status,admin
Update order progress,admin_update_order_status,admin
Change order progress,admin_update_order_status,admin
Mark order as delivered,admin_update_order_status,admin
Update order to delivered,admin_update_order_status,admin
Change status of order,admin_update_order_status,admin
Modify order delivery,admin_update_order_status,admin
Update order completion,admin_update_order_status,admin
Update order status,admin_update_order_status,admin
Change order status,admin_update_order_status,admin
Modify order status,admin_update_order_status,admin
Update order state,admin_update_order_status,admin
Change order state,admin_update_order_status,admin
Modify order state,admin_update_order_status,admin
Update delivery status,admin_update_order_status,admin
Change delivery status,admin_update_order_status,admin
Update order progress,admin_update_order_status,admin
Change order progress,admin_update_order_status,admin
Mark order as delivered,admin_update_order_status,admin
Update order to delivered,admin_update_order_status,admin
Change status of order,admin_update_order_status,admin
Modify order delivery,admin_update_order_status,admin
Update order completion,admin_update_order_status,admin
Update order status,admin_update_order_status,admin
Change order status,admin_update_order_status,admin
Modify order status,admin_update_order_status,admin
Update order state,admin_update_order_status,admin
Change order state,admin_update_order_status,admin
Modify order state,admin_update_order_status,admin
Update delivery status,admin_update_order_status,admin
Change delivery status,admin_update_order_status,admin
Update order progress,admin_update_order_status,admin
Change order progress,admin_update_order_status,admin
Mark order as delivered,admin_update_order_status,admin
Update order to delivered,admin_update_order_status,admin
Change status of order,admin_update_order_status,admin
Modify order delivery,admin_update_order_status,admin
Update order completion,admin_update_order_status,admin
Update order status,admin_update_order_status,admin
Change order status,admin_update_order_status,admin
Modify order status,admin_update_order_status,admin
Update order state,admin_update_order_status,admin
Change order state,admin_update_order_status,admin
Modify order state,admin_update_order_status,admin
Update delivery status,admin_update_order_status,admin
Change delivery status,admin_update_order_status,admin
Update order progress,admin_update_order_status,admin
Change order progress,admin_update_order_status,admin
Mark order as delivered,admin_update_order_status,admin
Update order to delivered,admin_update_order_status,admin
Change status of order,admin_update_order_status,admin
Modify order delivery,admin_update_order_status,admin
Update order completion,admin_update_order_status,admin
Update order status,admin_update_order_status,admin
Change order status,admin_update_order_status,admin
Modify order status,admin_update_order_status,admin
Update order state,admin_update_order_status,admin
Change order state,admin_update_order_status,admin
Modify order state,admin_update_order_status,admin
Update delivery status,admin_update_order_status,admin
Change delivery status,admin_update_order_status,admin
Update order progress,admin_update_order_status,admin
Change order progress,admin_update_order_status,admin
Mark order as delivered,admin_update_order_status,admin
Update order to delivered,admin_update_order_status,admin
Change status of order,admin_update_order_status,admin
Modify order delivery,admin_update_order_status,admin
Update order completion,admin_update_order_status,admin
Update order status,admin_update_order_status,admin
Change order status,admin_update_order_status,admin
Modify order status,admin_update_order_status,admin
Update order state,admin_update_order_status,admin
Change order state,admin_update_order_status,admin
Modify order state,admin_update_order_status,admin
Update delivery status,admin_update_order_status,admin
Change delivery status,admin_update_order_status,admin
Update order progress,admin_update_order_status,admin
Change order progress,admin_update_order_status,admin
Mark order as delivered,admin_update_order_status,admin
Update order to delivered,admin_update_order_status,admin
Change status of order,admin_update_order_status,admin
Modify order delivery,admin_update_order_status,admin
Update order completion,admin_update_order_status,admin
Update order status,admin_update_order_status,admin
Change order status,admin_update_order_status,admin
Modify order status,admin_update_order_status,admin
Update order state,admin_update_order_status,admin
Change order state,admin_update_order_status,admin
Modify order state,admin_update_order_status,admin
Update delivery status,admin_update_order_status,admin
Change delivery status,admin_update_order_status,admin
Update order progress,admin_update_order_status,admin
Change order progress,admin_update_order_status,admin
Show restaurants,customer_list_restaurants,customer
List food places,customer_list_restaurants,customer
Display restaurants,customer_list_restaurants,customer
What restaurants are there?,customer_list_restaurants,customer
Show me restaurants,customer_list_restaurants,customer
View restaurants,customer_list_restaurants,customer
Restaurants near me,customer_list_restaurants,customer
Available restaurants,customer_list_restaurants,customer
Show dining places,customer_list_restaurants,customer
List dining options,customer_list_restaurants,customer
Show food outlets,customer_list_restaurants,customer
Display food places,customer_list_restaurants,customer
What food places are available?,customer_list_restaurants,customer
Show available restaurants,customer_list_restaurants,customer
Restaurant options,customer_list_restaurants,customer
Show restaurants,customer_list_restaurants,customer
List food places,customer_list_restaurants,customer
Display restaurants,customer_list_restaurants,customer
What restaurants are there?,customer_list_restaurants,customer
Show me restaurants,customer_list_restaurants,customer
View restaurants,customer_list_restaurants,customer
Restaurants near me,customer_list_restaurants,customer
Available restaurants,customer_list_restaurants,customer
Show dining places,customer_list_restaurants,customer
List dining options,customer_list_restaurants,customer
Show food outlets,customer_list_restaurants,customer
Display food places,customer_list_restaurants,customer
What food places are available?,customer_list_restaurants,customer
Show available restaurants,customer_list_restaurants,customer
Restaurant options,customer_list_restaurants,customer
Show restaurants,customer_list_restaurants,customer
List food places,customer_list_restaurants,customer
Display restaurants,customer_list_restaurants,customer
What restaurants are there?,customer_list_restaurants,customer
Show me restaurants,customer_list_restaurants,customer
View restaurants,customer_list_restaurants,customer
Restaurants near me,customer_list_restaurants,customer
Available restaurants,customer_list_restaurants,customer
Show dining places,customer_list_restaurants,customer
List dining options,customer_list_restaurants,customer
Show food outlets,customer_list_restaurants,customer
Display food places,customer_list_restaurants,customer
What food places are available?,customer_list_restaurants,customer
Show available restaurants,customer_list_restaurants,customer
Restaurant options,customer_list_restaurants,customer
Show restaurants,customer_list_restaurants,customer
List food places,customer_list_restaurants,customer
Display restaurants,customer_list_restaurants,customer
What restaurants are there?,customer_list_restaurants,customer
Show me restaurants,customer_list_restaurants,customer
View restaurants,customer_list_restaurants,customer
Restaurants near me,customer_list_restaurants,customer
Available restaurants,customer_list_restaurants,customer
Show dining places,customer_list_restaurants,customer
List dining options,customer_list_restaurants,customer
Show food outlets,customer_list_restaurants,customer
Display food places,customer_list_restaurants,customer
What food places are available?,customer_list_restaurants,customer
Show available restaurants,customer_list_restaurants,customer
Restaurant options,customer_list_restaurants,customer
Show restaurants,customer_list_restaurants,customer
List food places,customer_list_restaurants,customer
Display restaurants,customer_list_restaurants,customer
What restaurants are there?,customer_list_restaurants,customer
Show me restaurants,customer_list_restaurants,customer
View restaurants,customer_list_restaurants,customer
Restaurants near me,customer_list_restaurants,customer
Available restaurants,customer_list_restaurants,customer
Show dining places,customer_list_restaurants,customer
List dining options,customer_list_restaurants,customer
Show food outlets,customer_list_restaurants,customer
Display food places,customer_list_restaurants,customer
What food places are available?,customer_list_restaurants,customer
Show available restaurants,customer_list_restaurants,customer
Restaurant options,customer_list_restaurants,customer
Show restaurants,customer_list_restaurants,customer
List food places,customer_list_restaurants,customer
Display restaurants,customer_list_restaurants,customer
What restaurants are there?,customer_list_restaurants,customer
Show me restaurants,customer_list_restaurants,customer
View restaurants,customer_list_restaurants,customer
Restaurants near me,customer_list_restaurants,customer
Available restaurants,customer_list_restaurants,customer
Show dining places,customer_list_restaurants,customer
List dining options,customer_list_restaurants,customer
Show food outlets,customer_list_restaurants,customer
Display food places,customer_list_restaurants,customer
What food places are available?,customer_list_restaurants,customer
Show available restaurants,customer_list_restaurants,customer
Restaurant options,customer_list_restaurants,customer
Show restaurants,customer_list_restaurants,customer
List food places,customer_list_restaurants,customer
Display restaurants,customer_list_restaurants,customer
What restaurants are there?,customer_list_restaurants,customer
Show me restaurants,customer_list_restaurants,customer
View restaurants,customer_list_restaurants,customer
Restaurants near me,customer_list_restaurants,customer
Available restaurants,customer_list_restaurants,customer
Show dining places,customer_list_restaurants,customer
List dining options,customer_list_restaurants,customer
Show food menu,customer_list_foods,customer
List food items,customer_list_foods,customer
Display menu,customer_list_foods,customer
What food is available?,customer_list_foods,customer
Show me the menu,customer_list_foods,customer
View food items,customer_list_foods,customer
Available dishes,customer_list_foods,customer
Show dishes,customer_list_foods,customer
List dishes,customer_list_foods,customer
Display dishes,customer_list_foods,customer
What's on the menu?,customer_list_foods,customer
Show food options,customer_list_foods,customer
View menu items,customer_list_foods,customer
Available food items,customer_list_foods,customer
Show food menu,customer_list_foods,customer
List food items,customer_list_foods,customer
Display menu,customer_list_foods,customer
What food is available?,customer_list_foods,customer
Show me the menu,customer_list_foods,customer
View food items,customer_list_foods,customer
Available dishes,customer_list_foods,customer
Show dishes,customer_list_foods,customer
List dishes,customer_list_foods,customer
Display dishes,customer_list_foods,customer
What's on the menu?,customer_list_foods,customer
Show food options,customer_list_foods,customer
View menu items,customer_list_foods,customer
Available food items,customer_list_foods,customer
Show food menu,customer_list_foods,customer
List food items,customer_list_foods,customer
Display menu,customer_list_foods,customer
What food is available?,customer_list_foods,customer
Show me the menu,customer_list_foods,customer
View food items,customer_list_foods,customer
Available dishes,customer_list_foods,customer
Show dishes,customer_list_foods,customer
List dishes,customer_list_foods,customer
Display dishes,customer_list_foods,customer
What's on the menu?,customer_list_foods,customer
Show food options,customer_list_foods,customer
View menu items,customer_list_foods,customer
Available food items,customer_list_foods,customer
Show food menu,customer_list_foods,customer
List food items,customer_list_foods,customer
Display menu,customer_list_foods,customer
What food is available?,customer_list_foods,customer
Show me the menu,customer_list_foods,customer
View food items,customer_list_foods,customer
Available dishes,customer_list_foods,customer
Show dishes,customer_list_foods,customer
List dishes,customer_list_foods,customer
Display dishes,customer_list_foods,customer
What's on the menu?,customer_list_foods,customer
Show food options,customer_list_foods,customer
View menu items,customer_list_foods,customer
Available food items,customer_list_foods,customer
Show food menu,customer_list_foods,customer
List food items,customer_list_foods,customer
Display menu,customer_list_foods,customer
What food is available?,customer_list_foods,customer
Show me the menu,customer_list_foods,customer
View food items,customer_list_foods,customer
Available dishes,customer_list_foods,customer
Show dishes,customer_list_foods,customer
List dishes,customer_list_foods,customer
Display dishes,customer_list_foods,customer
What's on the menu?,customer_list_foods,customer
Show food options,customer_list_foods,customer
View menu items,customer_list_foods,customer
Available food items,customer_list_foods,customer
Show food menu,customer_list_foods,customer
List food items,customer_list_foods,customer
Display menu,customer_list_foods,customer
What food is available?,customer_list_foods,customer
Show me the menu,customer_list_foods,customer
View food items,customer_list_foods,customer
Available dishes,customer_list_foods,customer
Show dishes,customer_list_foods,customer
List dishes,customer_list_foods,customer
Display dishes,customer_list_foods,customer
What's on the menu?,customer_list_foods,customer
Show food options,customer_list_foods,customer
View menu items,customer_list_foods,customer
Available food items,customer_list_foods,customer
Show food menu,customer_list_foods,customer
List food items,customer_list_foods,customer
Display menu,customer_list_foods,customer
What food is available?,customer_list_foods,customer
Show me the menu,customer_list_foods,customer
View food items,customer_list_foods,customer
Available dishes,customer_list_foods,customer
Show dishes,customer_list_foods,customer
List dishes,customer_list_foods,customer
Display dishes,customer_list_foods,customer
What's on the menu?,customer_list_foods,customer
Show food options,customer_list_foods,customer
View menu items,customer_list_foods,customer
Available food items,customer_list_foods,customer
Find restaurant,customer_search_restaurant,customer
Search restaurants,customer_search_restaurant,customer
Look for restaurant,customer_search_restaurant,customer
Find food place,customer_search_restaurant,customer
Search for restaurants,customer_search_restaurant,customer
Look for dining place,customer_search_restaurant,customer
Find dining options,customer_search_restaurant,customer
Search food outlets,customer_search_restaurant,customer
Find places to eat,customer_search_restaurant,customer
Search dining places,customer_search_restaurant,customer
Find food joints,customer_search_restaurant,customer
Look for restaurants,customer_search_restaurant,customer
Search eateries,customer_search_restaurant,customer
Find restaurant,customer_search_restaurant,customer
Search restaurants,customer_search_restaurant,customer
Look for restaurant,customer_search_restaurant,customer
Find food place,customer_search_restaurant,customer
Search for restaurants,customer_search_restaurant,customer
Look for dining place,customer_search_restaurant,customer
Find dining options,customer_search_restaurant,customer
Search food outlets,customer_search_restaurant,customer
Find places to eat,customer_search_restaurant,customer
Search dining places,customer_search_restaurant,customer
Find food joints,customer_search_restaurant,customer
Look for restaurants,customer_search_restaurant,customer
Search eateries,customer_search_restaurant,customer
Find restaurant,customer_search_restaurant,customer
Search restaurants,customer_search_restaurant,customer
Look for restaurant,customer_search_restaurant,customer
Find food place,customer_search_restaurant,customer
Search for restaurants,customer_search_restaurant,customer
Look for dining place,customer_search_restaurant,customer
Find dining options,customer_search_restaurant,customer
Search food outlets,customer_search_restaurant,customer
Find places to eat,customer_search_restaurant,customer
Search dining places,customer_search_restaurant,customer
Find food joints,customer_search_restaurant,customer
Look for restaurants,customer_search_restaurant,customer
Search eateries,customer_search_restaurant,customer
Find restaurant,customer_search_restaurant,customer
Search restaurants,customer_search_restaurant,customer
Look for restaurant,customer_search_restaurant,customer
Find food place,customer_search_restaurant,customer
Search for restaurants,customer_search_restaurant,customer
Look for dining place,customer_search_restaurant,customer
Find dining options,customer_search_restaurant,customer
Search food outlets,customer_search_restaurant,customer
Find places to eat,customer_search_restaurant,customer
Search dining places,customer_search_restaurant,customer
Find food joints,customer_search_restaurant,customer
Look for restaurants,customer_search_restaurant,customer
Search eateries,customer_search_restaurant,customer
Find restaurant,customer_search_restaurant,customer
Search restaurants,customer_search_restaurant,customer
Look for restaurant,customer_search_restaurant,customer
Find food place,customer_search_restaurant,customer
Search for restaurants,customer_search_restaurant,customer
Look for dining place,customer_search_restaurant,customer
Find dining options,customer_search_restaurant,customer
Search food outlets,customer_search_restaurant,customer
Find places to eat,customer_search_restaurant,customer
Search dining places,customer_search_restaurant,customer
Find food joints,customer_search_restaurant,customer
Look for restaurants,customer_search_restaurant,customer
Search eateries,customer_search_restaurant,customer
Find restaurant,customer_search_restaurant,customer
Search restaurants,customer_search_restaurant,customer
Look for restaurant,customer_search_restaurant,customer
Find food place,customer_search_restaurant,customer
Search for restaurants,customer_search_restaurant,customer
Look for dining place,customer_search_restaurant,customer
Find dining options,customer_search_restaurant,customer
Search food outlets,customer_search_restaurant,customer
Find places to eat,customer_search_restaurant,customer
Search dining places,customer_search_restaurant,customer
Find food joints,customer_search_restaurant,customer
Look for restaurants,customer_search_restaurant,customer
Search eateries,customer_search_restaurant,customer
Find restaurant,customer_search_restaurant,customer
Search restaurants,customer_search_restaurant,customer
Look for restaurant,customer_search_restaurant,customer
Find food place,customer_search_restaurant,customer
Search for restaurants,customer_search_restaurant,customer
Look for dining place,customer_search_restaurant,customer
Find dining options,customer_search_restaurant,customer
Search food outlets,customer_search_restaurant,customer
Find places to eat,customer_search_restaurant,customer
Search dining places,customer_search_restaurant,customer
Find food joints,customer_search_restaurant,customer
Look for restaurants,customer_search_restaurant,customer
Search eateries,customer_search_restaurant,customer
Find restaurant,customer_search_restaurant,customer
Search restaurants,customer_search_restaurant,customer
Look for restaurant,customer_search_restaurant,customer
Find food place,customer_search_restaurant,customer
Search for restaurants,customer_search_restaurant,customer
Look for dining place,customer_search_restaurant,customer
Find dining options,customer_search_restaurant,customer
Search food outlets,customer_search_restaurant,customer
Find places to eat,customer_search_restaurant,customer
Find food,customer_search_food,customer
Search food,customer_search_food,customer
Look for food,customer_search_food,customer
Find dishes,customer_search_food,customer
Search for food,customer_search_food,customer
Look for dishes,customer_search_food,customer
Find menu items,customer_search_food,customer
Search menu,customer_search_food,customer
Find what to eat,customer_search_food,customer
Search dishes,customer_search_food,customer
Look for menu items,customer_search_food,customer
Find food options,customer_search_food,customer
Search food menu,customer_search_food,customer
Find food,customer_search_food,customer
Search food,customer_search_food,customer
Look for food,customer_search_food,customer
Find dishes,customer_search_food,customer
Search for food,customer_search_food,customer
Look for dishes,customer_search_food,customer
Find menu items,customer_search_food,customer
Search menu,customer_search_food,customer
Find what to eat,customer_search_food,customer
Search dishes,customer_search_food,customer
Look for menu items,customer_search_food,customer
Find food options,customer_search_food,customer
Search food menu,customer_search_food,customer
Find food,customer_search_food,customer
Search food,customer_search_food,customer
Look for food,customer_search_food,customer
Find dishes,customer_search_food,customer
Search for food,customer_search_food,customer
Look for dishes,customer_search_food,customer
Find menu items,customer_search_food,customer
Search menu,customer_search_food,customer
Find what to eat,customer_search_food,customer
Search dishes,customer_search_food,customer
Look for menu items,customer_search_food,customer
Find food options,customer_search_food,customer
Search food menu,customer_search_food,customer
Find food,customer_search_food,customer
Search food,customer_search_food,customer
Look for food,customer_search_food,customer
Find dishes,customer_search_food,customer
Search for food,customer_search_food,customer
Look for dishes,customer_search_food,customer
Find menu items,customer_search_food,customer
Search menu,customer_search_food,customer
Find what to eat,customer_search_food,customer
Search dishes,customer_search_food,customer
Look for menu items,customer_search_food,customer
Find food options,customer_search_food,customer
Search food menu,customer_search_food,customer
Find food,customer_search_food,customer
Search food,customer_search_food,customer
Look for food,customer_search_food,customer
Find dishes,customer_search_food,customer
Search for food,customer_search_food,customer
Look for dishes,customer_search_food,customer
Find menu items,customer_search_food,customer
Search menu,customer_search_food,customer
Find what to eat,customer_search_food,customer
Search dishes,customer_search_food,customer
Look for menu items,customer_search_food,customer
Find food options,customer_search_food,customer
Search food menu,customer_search_food,customer
Find food,customer_search_food,customer
Search food,customer_search_food,customer
Look for food,customer_search_food,customer
Find dishes,customer_search_food,customer
Search for food,customer_search_food,customer
Look for dishes,customer_search_food,customer
Find menu items,customer_search_food,customer
Search menu,customer_search_food,customer
Find what to eat,customer_search_food,customer
Search dishes,customer_search_food,customer
Look for menu items,customer_search_food,customer
Find food options,customer_search_food,customer
Search food menu,customer_search_food,customer
Find food,customer_search_food,customer
Search food,customer_search_food,customer
Look for food,customer_search_food,customer
Find dishes,customer_search_food,customer
Search for food,customer_search_food,customer
Look for dishes,customer_search_food,customer
Find menu items,customer_search_food,customer
Search menu,customer_search_food,customer
Find what to eat,customer_search_food,customer
Search dishes,customer_search_food,customer
Look for menu items,customer_search_food,customer
Find food options,customer_search_food,customer
Search food menu,customer_search_food,customer
Find food,customer_search_food,customer
Search food,customer_search_food,customer
Look for food,customer_search_food,customer
Find dishes,customer_search_food,customer
Search for food,customer_search_food,customer
Look for dishes,customer_search_food,customer
Find menu items,customer_search_food,customer
Search menu,customer_search_food,customer
Find what to eat,customer_search_food,customer
Add to cart,customer_add_to_cart,customer
Put in cart,customer_add_to_cart,customer
Add item to cart,customer_add_to_cart,customer
Add to basket,customer_add_to_cart,customer
Put in basket,customer_add_to_cart,customer
Add to shopping cart,customer_add_to_cart,customer
Include in order,customer_add_to_cart,customer
Add this to cart,customer_add_to_cart,customer
Put this in cart,customer_add_to_cart,customer
Add to my cart,customer_add_to_cart,customer
Add to order,customer_add_to_cart,customer
Include in cart,customer_add_to_cart,customer
Add item,customer_add_to_cart,customer
Add to cart,customer_add_to_cart,customer
Put in cart,customer_add_to_cart,customer
Add item to cart,customer_add_to_cart,customer
Add to basket,customer_add_to_cart,customer
Put in basket,customer_add_to_cart,customer
Add to shopping cart,customer_add_to_cart,customer
Include in order,customer_add_to_cart,customer
Add this to cart,customer_add_to_cart,customer
Put this in cart,customer_add_to_cart,customer
Add to my cart,customer_add_to_cart,customer
Add to order,customer_add_to_cart,customer
Include in cart,customer_add_to_cart,customer
Add item,customer_add_to_cart,customer
Add to cart,customer_add_to_cart,customer
Put in cart,customer_add_to_cart,customer
Add item to cart,customer_add_to_cart,customer
Add to basket,customer_add_to_cart,customer
Put in basket,customer_add_to_cart,customer
Add to shopping cart,customer_add_to_cart,customer
Include in order,customer_add_to_cart,customer
Add this to cart,customer_add_to_cart,customer
Put this in cart,customer_add_to_cart,customer
Add to my cart,customer_add_to_cart,customer
Add to order,customer_add_to_cart,customer
Include in cart,customer_add_to_cart,customer
Add item,customer_add_to_cart,customer
Add to cart,customer_add_to_cart,customer
Put in cart,customer_add_to_cart,customer
Add item to cart,customer_add_to_cart,customer
Add to basket,customer_add_to_cart,customer
Put in basket,customer_add_to_cart,customer
Add to shopping cart,customer_add_to_cart,customer
Include in order,customer_add_to_cart,customer
Add this to cart,customer_add_to_cart,customer
Put this in cart,customer_add_to_cart,customer
Add to my cart,customer_add_to_cart,customer
Add to order,customer_add_to_cart,customer
Include in cart,customer_add_to_cart,customer
Add item,customer_add_to_cart,customer
Add to cart,customer_add_to_cart,customer
Put in cart,customer_add_to_cart,customer
Add item to cart,customer_add_to_cart,customer
Add to basket,customer_add_to_cart,customer
Put in basket,customer_add_to_cart,customer
Add to shopping cart,customer_add_to_cart,customer
Include in order,customer_add_to_cart,customer
Add this to cart,customer_add_to_cart,customer
Put this in cart,customer_add_to_cart,customer
Add to my cart,customer_add_to_cart,customer
Add to order,customer_add_to_cart,customer
Include in cart,customer_add_to_cart,customer
Add item,customer_add_to_cart,customer
Add to cart,customer_add_to_cart,customer
Put in cart,customer_add_to_cart,customer
Add item to cart,customer_add_to_cart,customer
Add to basket,customer_add_to_cart,customer
Put in basket,customer_add_to_cart,customer
Add to shopping cart,customer_add_to_cart,customer
Include in order,customer_add_to_cart,customer
Add this to cart,customer_add_to_cart,customer
Put this in cart,customer_add_to_cart,customer
Add to my cart,customer_add_to_cart,customer
Add to order,customer_add_to_cart,customer
Include in cart,customer_add_to_cart,customer
Add item,customer_add_to_cart,customer
Add to cart,customer_add_to_cart,customer
Put in cart,customer_add_to_cart,customer
Add item to cart,customer_add_to_cart,customer
Add to basket,customer_add_to_cart,customer
Put in basket,customer_add_to_cart,customer
Add to shopping cart,customer_add_to_cart,customer
Include in order,customer_add_to_cart,customer
Add this to cart,customer_add_to_cart,customer
Put this in cart,customer_add_to_cart,customer
Add to my cart,customer_add_to_cart,customer
Add to order,customer_add_to_cart,customer
Include in cart,customer_add_to_cart,customer
Add item,customer_add_to_cart,customer
Add to cart,customer_add_to_cart,customer
Put in cart,customer_add_to_cart,customer
Add item to cart,customer_add_to_cart,customer
Add to basket,customer_add_to_cart,customer
Put in basket,customer_add_to_cart,customer
Add to shopping cart,customer_add_to_cart,customer
Include in order,customer_add_to_cart,customer
Add this to cart,customer_add_to_cart,customer
Put this in cart,customer_add_to_cart,customer
Show cart,customer_view_cart,customer
View cart,customer_view_cart,customer
Display cart,customer_view_cart,customer
What's in my cart?,customer_view_cart,customer
Show my cart,customer_view_cart,customer
View my cart,customer_view_cart,customer
Display my cart,customer_view_cart,customer
Show shopping cart,customer_view_cart,customer
View basket,customer_view_cart,customer
Show basket,customer_view_cart,customer
What do I have in cart?,customer_view_cart,customer
View my basket,customer_view_cart,customer
Show my basket,customer_view_cart,customer
Show cart,customer_view_cart,customer
View cart,customer_view_cart,customer
Display cart,customer_view_cart,customer
What's in my cart?,customer_view_cart,customer
Show my cart,customer_view_cart,customer
View my cart,customer_view_cart,customer
Display my cart,customer_view_cart,customer
Show shopping cart,customer_view_cart,customer
View basket,customer_view_cart,customer
Show basket,customer_view_cart,customer
What do I have in cart?,customer_view_cart,customer
View my basket,customer_view_cart,customer
Show my basket,customer_view_cart,customer
Show cart,customer_view_cart,customer
View cart,customer_view_cart,customer
Display cart,customer_view_cart,customer
What's in my cart?,customer_view_cart,customer
Show my cart,customer_view_cart,customer
View my cart,customer_view_cart,customer
Display my cart,customer_view_cart,customer
Show shopping cart,customer_view_cart,customer
View basket,customer_view_cart,customer
Show basket,customer_view_cart,customer
What do I have in cart?,customer_view_cart,customer
View my basket,customer_view_cart,customer
Show my basket,customer_view_cart,customer
Show cart,customer_view_cart,customer
View cart,customer_view_cart,customer
Display cart,customer_view_cart,customer
What's in my cart?,customer_view_cart,customer
Show my cart,customer_view_cart,customer
View my cart,customer_view_cart,customer
Display my cart,customer_view_cart,customer
Show shopping cart,customer_view_cart,customer
View basket,customer_view_cart,customer
Show basket,customer_view_cart,customer
What do I have in cart?,customer_view_cart,customer
View my basket,customer_view_cart,customer
Show my basket,customer_view_cart,customer
Show cart,customer_view_cart,customer
View cart,customer_view_cart,customer
Display cart,customer_view_cart,customer
What's in my cart?,customer_view_cart,customer
Show my cart,customer_view_cart,customer
View my cart,customer_view_cart,customer
Display my cart,customer_view_cart,customer
Show shopping cart,customer_view_cart,customer
View basket,customer_view_cart,customer
Show basket,customer_view_cart,customer
What do I have in cart?,customer_view_cart,customer
View my basket,customer_view_cart,customer
Show my basket,customer_view_cart,customer
Show cart,customer_view_cart,customer
View cart,customer_view_cart,customer
Display cart,customer_view_cart,customer
What's in my cart?,customer_view_cart,customer
Show my cart,customer_view_cart,customer
View my cart,customer_view_cart,customer
Display my cart,customer_view_cart,customer
Show shopping cart,customer_view_cart,customer
View basket,customer_view_cart,customer
Show basket,customer_view_cart,customer
What do I have in cart?,customer_view_cart,customer
View my basket,customer_view_cart,customer
Show my basket,customer_view_cart,customer
Show cart,customer_view_cart,customer
View cart,customer_view_cart,customer
Display cart,customer_view_cart,customer
What's in my cart?,customer_view_cart,customer
Show my cart,customer_view_cart,customer
View my cart,customer_view_cart,customer
Display my cart,customer_view_cart,customer
Show shopping cart,customer_view_cart,customer
View basket,customer_view_cart,customer
Show basket,customer_view_cart,customer
What do I have in cart?,customer_view_cart,customer
View my basket,customer_view_cart,customer
Show my basket,customer_view_cart,customer
Show cart,customer_view_cart,customer
View cart,customer_view_cart,customer
Display cart,customer_view_cart,customer
What's in my cart?,customer_view_cart,customer
Show my cart,customer_view_cart,customer
View my cart,customer_view_cart,customer
Display my cart,customer_view_cart,customer
Show shopping cart,customer_view_cart,customer
View basket,customer_view_cart,customer
Remove from cart,customer_remove_from_cart,customer
Delete from cart,customer_remove_from_cart,customer
Take out from cart,customer_remove_from_cart,customer
Remove item,customer_remove_from_cart,customer
Delete item from cart,customer_remove_from_cart,customer
Remove from basket,customer_remove_from_cart,customer
Delete from basket,customer_remove_from_cart,customer
Take out item,customer_remove_from_cart,customer
Remove product from cart,customer_remove_from_cart,customer
Delete from shopping cart,customer_remove_from_cart,customer
Remove from order,customer_remove_from_cart,customer
Remove from cart,customer_remove_from_cart,customer
Delete from cart,customer_remove_from_cart,customer
Take out from cart,customer_remove_from_cart,customer
Remove item,customer_remove_from_cart,customer
Delete item from cart,customer_remove_from_cart,customer
Remove from basket,customer_remove_from_cart,customer
Delete from basket,customer_remove_from_cart,customer
Take out item,customer_remove_from_cart,customer
Remove product from cart,customer_remove_from_cart,customer
Delete from shopping cart,customer_remove_from_cart,customer
Remove from order,customer_remove_from_cart,customer
Remove from cart,customer_remove_from_cart,customer
Delete from cart,customer_remove_from_cart,customer
Take out from cart,customer_remove_from_cart,customer
Remove item,customer_remove_from_cart,customer
Delete item from cart,customer_remove_from_cart,customer
Remove from basket,customer_remove_from_cart,customer
Delete from basket,customer_remove_from_cart,customer
Take out item,customer_remove_from_cart,customer
Remove product from cart,customer_remove_from_cart,customer
Delete from shopping cart,customer_remove_from_cart,customer
Remove from order,customer_remove_from_cart,customer
Remove from cart,customer_remove_from_cart,customer
Delete from cart,customer_remove_from_cart,customer
Take out from cart,customer_remove_from_cart,customer
Remove item,customer_remove_from_cart,customer
Delete item from cart,customer_remove_from_cart,customer
Remove from basket,customer_remove_from_cart,customer
Delete from basket,customer_remove_from_cart,customer
Take out item,customer_remove_from_cart,customer
Remove product from cart,customer_remove_from_cart,customer
Delete from shopping cart,customer_remove_from_cart,customer
Remove from order,customer_remove_from_cart,customer
Remove from cart,customer_remove_from_cart,customer
Delete from cart,customer_remove_from_cart,customer
Take out from cart,customer_remove_from_cart,customer
Remove item,customer_remove_from_cart,customer
Delete item from cart,customer_remove_from_cart,customer
Remove from basket,customer_remove_from_cart,customer
Delete from basket,customer_remove_from_cart,customer
Take out item,customer_remove_from_cart,customer
Remove product from cart,customer_remove_from_cart,customer
Delete from shopping cart,customer_remove_from_cart,customer
Remove from order,customer_remove_from_cart,customer
Remove from cart,customer_remove_from_cart,customer
Delete from cart,customer_remove_from_cart,customer
Take out from cart,customer_remove_from_cart,customer
Remove item,customer_remove_from_cart,customer
Delete item from cart,customer_remove_from_cart,customer
Remove from basket,customer_remove_from_cart,customer
Delete from basket,customer_remove_from_cart,customer
Take out item,customer_remove_from_cart,customer
Remove product from cart,customer_remove_from_cart,customer
Delete from shopping cart,customer_remove_from_cart,customer
Remove from order,customer_remove_from_cart,customer
Remove from cart,customer_remove_from_cart,customer
Delete from cart,customer_remove_from_cart,customer
Take out from cart,customer_remove_from_cart,customer
Remove item,customer_remove_from_cart,customer
Delete item from cart,customer_remove_from_cart,customer
Remove from basket,customer_remove_from_cart,customer
Delete from basket,customer_remove_from_cart,customer
Take out item,customer_remove_from_cart,customer
Remove product from cart,customer_remove_from_cart,customer
Delete from shopping cart,customer_remove_from_cart,customer
Remove from order,customer_remove_from_cart,customer
Remove from cart,customer_remove_from_cart,customer
Delete from cart,customer_remove_from_cart,customer
Take out from cart,customer_remove_from_cart,customer
Remove item,customer_remove_from_cart,customer
Delete item from cart,customer_remove_from_cart,customer
Remove from basket,customer_remove_from_cart,customer
Delete from basket,customer_remove_from_cart,customer
Take out item,customer_remove_from_cart,customer
Remove product from cart,customer_remove_from_cart,customer
Delete from shopping cart,customer_remove_from_cart,customer
Remove from order,customer_remove_from_cart,customer
Remove from cart,customer_remove_from_cart,customer
Delete from cart,customer_remove_from_cart,customer
Take out from cart,customer_remove_from_cart,customer
Remove item,customer_remove_from_cart,customer
Delete item from cart,customer_remove_from_cart,customer
Remove from basket,customer_remove_from_cart,customer
Delete from basket,customer_remove_from_cart,customer
Take out item,customer_remove_from_cart,customer
Remove product from cart,customer_remove_from_cart,customer
Delete from shopping cart,customer_remove_from_cart,customer
Remove from order,customer_remove_from_cart,customer
Remove from cart,customer_remove_from_cart,customer
Checkout,customer_place_order,customer
Place order,customer_place_order,customer
Order now,customer_place_order,customer
Proceed to checkout,customer_place_order,customer
Complete order,customer_place_order,customer
Make order,customer_place_order,customer
Submit order,customer_place_order,customer
Finalize order,customer_place_order,customer
Confirm order,customer_place_order,customer
Checkout now,customer_place_order,customer
Place my order,customer_place_order,customer
Complete purchase,customer_place_order,customer
Finish order,customer_place_order,customer
Checkout,customer_place_order,customer
Place order,customer_place_order,customer
Order now,customer_place_order,customer
Proceed to checkout,customer_place_order,customer
Complete order,customer_place_order,customer
Make order,customer_place_order,customer
Submit order,customer_place_order,customer
Finalize order,customer_place_order,customer
Confirm order,customer_place_order,customer
Checkout now,customer_place_order,customer
Place my order,customer_place_order,customer
Complete purchase,customer_place_order,customer
Finish order,customer_place_order,customer
Checkout,customer_place_order,customer
Place order,customer_place_order,customer
Order now,customer_place_order,customer
Proceed to checkout,customer_place_order,customer
Complete order,customer_place_order,customer
Make order,customer_place_order,customer
Submit order,customer_place_order,customer
Finalize order,customer_place_order,customer
Confirm order,customer_place_order,customer
Checkout now,customer_place_order,customer
Place my order,customer_place_order,customer
Complete purchase,customer_place_order,customer
Finish order,customer_place_order,customer
Checkout,customer_place_order,customer
Place order,customer_place_order,customer
Order now,customer_place_order,customer
Proceed to checkout,customer_place_order,customer
Complete order,customer_place_order,customer
Make order,customer_place_order,customer
Submit order,customer_place_order,customer
Finalize order,customer_place_order,customer
Confirm order,customer_place_order,customer
Checkout now,customer_place_order,customer
Place my order,customer_place_order,customer
Complete purchase,customer_place_order,customer
Finish order,customer_place_order,customer
Checkout,customer_place_order,customer
Place order,customer_place_order,customer
Order now,customer_place_order,customer
Proceed to checkout,customer_place_order,customer
Complete order,customer_place_order,customer
Make order,customer_place_order,customer
Submit order,customer_place_order,customer
Finalize order,customer_place_order,customer
Confirm order,customer_place_order,customer
Checkout now,customer_place_order,customer
Place my order,customer_place_order,customer
Complete purchase,customer_place_order,customer
Finish order,customer_place_order,customer
Checkout,customer_place_order,customer
Place order,customer_place_order,customer
Order now,customer_place_order,customer
Proceed to checkout,customer_place_order,customer
Complete order,customer_place_order,customer
Make order,customer_place_order,customer
Submit order,customer_place_order,customer
Finalize order,customer_place_order,customer
Confirm order,customer_place_order,customer
Checkout now,customer_place_order,customer
Place my order,customer_place_order,customer
Complete purchase,customer_place_order,customer
Finish order,customer_place_order,customer
Checkout,customer_place_order,customer
Place order,customer_place_order,customer
Order now,customer_place_order,customer
Proceed to checkout,customer_place_order,customer
Complete order,customer_place_order,customer
Make order,customer_place_order,customer
Submit order,customer_place_order,customer
Finalize order,customer_place_order,customer
Confirm order,customer_place_order,customer
Checkout now,customer_place_order,customer
Place my order,customer_place_order,customer
Complete purchase,customer_place_order,customer
Finish order,customer_place_order,customer
Checkout,customer_place_order,customer
Place order,customer_place_order,customer
Order now,customer_place_order,customer
Proceed to checkout,customer_place_order,customer
Complete order,customer_place_order,customer
Make order,customer_place_order,customer
Submit order,customer_place_order,customer
Finalize order,customer_place_order,customer
Confirm order,customer_place_order,customer
My orders,customer_view_orders,customer
Order history,customer_view_orders,customer
Past orders,customer_view_orders,customer
View my orders,customer_view_orders,customer
Show my orders,customer_view_orders,customer
Display my orders,customer_view_orders,customer
Order tracking,customer_view_orders,customer
My order history,customer_view_orders,customer
Previous orders,customer_view_orders,customer
View order history,customer_view_orders,customer
Show past orders,customer_view_orders,customer
My previous orders,customer_view_orders,customer
Order records,customer_view_orders,customer
My orders,customer_view_orders,customer
Order history,customer_view_orders,customer
Past orders,customer_view_orders,customer
View my orders,customer_view_orders,customer
Show my orders,customer_view_orders,customer
Display my orders,customer_view_orders,customer
Order tracking,customer_view_orders,customer
My order history,customer_view_orders,customer
Previous orders,customer_view_orders,customer
View order history,customer_view_orders,customer
Show past orders,customer_view_orders,customer
My previous orders,customer_view_orders,customer
Order records,customer_view_orders,customer
My orders,customer_view_orders,customer
Order history,customer_view_orders,customer
Past orders,customer_view_orders,customer
View my orders,customer_view_orders,customer
Show my orders,customer_view_orders,customer
Display my orders,customer_view_orders,customer
Order tracking,customer_view_orders,customer
My order history,customer_view_orders,customer
Previous orders,customer_view_orders,customer
View order history,customer_view_orders,customer
Show past orders,customer_view_orders,customer
My previous orders,customer_view_orders,customer
Order records,customer_view_orders,customer
My orders,customer_view_orders,customer
Order history,customer_view_orders,customer
Past orders,customer_view_orders,customer
View my orders,customer_view_orders,customer
Show my orders,customer_view_orders,customer
Display my orders,customer_view_orders,customer
Order tracking,customer_view_orders,customer
My order history,customer_view_orders,customer
Previous orders,customer_view_orders,customer
View order history,customer_view_orders,customer
Show past orders,customer_view_orders,customer
My previous orders,customer_view_orders,customer
Order records,customer_view_orders,customer
My orders,customer_view_orders,customer
Order history,customer_view_orders,customer
Past orders,customer_view_orders,customer
View my orders,customer_view_orders,customer
Show my orders,customer_view_orders,customer
Display my orders,customer_view_orders,customer
Order tracking,customer_view_orders,customer
My order history,customer_view_orders,customer
Previous orders,customer_view_orders,customer
View order history,customer_view_orders,customer
Show past orders,customer_view_orders,customer
My previous orders,customer_view_orders,customer
Order records,customer_view_orders,customer
My orders,customer_view_orders,customer
Order history,customer_view_orders,customer
Past orders,customer_view_orders,customer
View my orders,customer_view_orders,customer
Show my orders,customer_view_orders,customer
Display my orders,customer_view_orders,customer
Order tracking,customer_view_orders,customer
My order history,customer_view_orders,customer
Previous orders,customer_view_orders,customer
View order history,customer_view_orders,customer
Show past orders,customer_view_orders,customer
My previous orders,customer_view_orders,customer
Order records,customer_view_orders,customer
My orders,customer_view_orders,customer
Order history,customer_view_orders,customer
Past orders,customer_view_orders,customer
View my orders,customer_view_orders,customer
Show my orders,customer_view_orders,customer
Display my orders,customer_view_orders,customer
Order tracking,customer_view_orders,customer
My order history,customer_view_orders,customer
Previous orders,customer_view_orders,customer
View order history,customer_view_orders,customer
Show past orders,customer_view_orders,customer
My previous orders,customer_view_orders,customer
Order records,customer_view_orders,customer
My orders,customer_view_orders,customer
Order history,customer_view_orders,customer
Past orders,customer_view_orders,customer
View my orders,customer_view_orders,customer
Show my orders,customer_view_orders,customer
Display my orders,customer_view_orders,customer
Order tracking,customer_view_orders,customer
My order history,customer_view_orders,customer
Previous orders,customer_view_orders,customer
Go to home,customer_navigate_home,customer
Home page,customer_navigate_home,customer
Main page,customer_navigate_home,customer
Take me home,customer_navigate_home,customer
Go home,customer_navigate_home,customer
Navigate to home,customer_navigate_home,customer
Open home page,customer_navigate_home,customer
Show home,customer_navigate_home,customer
Display home page,customer_navigate_home,customer
Go to main page,customer_navigate_home,customer
Home screen,customer_navigate_home,customer
Return to home,customer_navigate_home,customer
Back to home,customer_navigate_home,customer
Go to home,customer_navigate_home,customer
Home page,customer_navigate_home,customer
Main page,customer_navigate_home,customer
Take me home,customer_navigate_home,customer
Go home,customer_navigate_home,customer
Navigate to home,customer_navigate_home,customer
Open home page,customer_navigate_home,customer
Show home,customer_navigate_home,customer
Display home page,customer_navigate_home,customer
Go to main page,customer_navigate_home,customer
Home screen,customer_navigate_home,customer
Return to home,customer_navigate_home,customer
Back to home,customer_navigate_home,customer
Go to home,customer_navigate_home,customer
Home page,customer_navigate_home,customer
Main page,customer_navigate_home,customer
Take me home,customer_navigate_home,customer
Go home,customer_navigate_home,customer
Navigate to home,customer_navigate_home,customer
Open home page,customer_navigate_home,customer
Show home,customer_navigate_home,customer
Display home page,customer_navigate_home,customer
Go to main page,customer_navigate_home,customer
Home screen,customer_navigate_home,customer
Return to home,customer_navigate_home,customer
Back to home,customer_navigate_home,customer
Go to home,customer_navigate_home,customer
Home page,customer_navigate_home,customer
Main page,customer_navigate_home,customer
Take me home,customer_navigate_home,customer
Go home,customer_navigate_home,customer
Navigate to home,customer_navigate_home,customer
Open home page,customer_navigate_home,customer
Show home,customer_navigate_home,customer
Display home page,customer_navigate_home,customer
Go to main page,customer_navigate_home,customer
Home screen,customer_navigate_home,customer
Return to home,customer_navigate_home,customer
Back to home,customer_navigate_home,customer
Go to home,customer_navigate_home,customer
Home page,customer_navigate_home,customer
Main page,customer_navigate_home,customer
Take me home,customer_navigate_home,customer
Go home,customer_navigate_home,customer
Navigate to home,customer_navigate_home,customer
Open home page,customer_navigate_home,customer
Show home,customer_navigate_home,customer
Display home page,customer_navigate_home,customer
Go to main page,customer_navigate_home,customer
Home screen,customer_navigate_home,customer
Return to home,customer_navigate_home,customer
Back to home,customer_navigate_home,customer
Go to home,customer_navigate_home,customer
Home page,customer_navigate_home,customer
Main page,customer_navigate_home,customer
Take me home,customer_navigate_home,customer
Go home,customer_navigate_home,customer
Navigate to home,customer_navigate_home,customer
Open home page,customer_navigate_home,customer
Show home,customer_navigate_home,customer
Display home page,customer_navigate_home,customer
Go to main page,customer_navigate_home,customer
Home screen,customer_navigate_home,customer
Return to home,customer_navigate_home,customer
Back to home,customer_navigate_home,customer
Go to home,customer_navigate_home,customer
Home page,customer_navigate_home,customer
Main page,customer_navigate_home,customer
Take me home,customer_navigate_home,customer
Go home,customer_navigate_home,customer
Navigate to home,customer_navigate_home,customer
Open home page,customer_navigate_home,customer
Show home,customer_navigate_home,customer
Display home page,customer_navigate_home,customer
Go to main page,customer_navigate_home,customer
Home screen,customer_navigate_home,customer
Return to home,customer_navigate_home,customer
Back to home,customer_navigate_home,customer
Go to home,customer_navigate_home,customer
Home page,customer_navigate_home,customer
Main page,customer_navigate_home,customer
Take me home,customer_navigate_home,customer
Go home,customer_navigate_home,customer
Navigate to home,customer_navigate_home,customer
Open home page,customer_navigate_home,customer
Show home,customer_navigate_home,customer
Display home page,customer_navigate_home,customer
Go to cart,customer_navigate_cart,customer
Cart page,customer_navigate_cart,customer
Shopping cart,customer_navigate_cart,customer
Take me to cart,customer_navigate_cart,customer
Open cart,customer_navigate_cart,customer
Navigate to cart,customer_navigate_cart,customer
View cart page,customer_navigate_cart,customer
Show cart page,customer_navigate_cart,customer
Display cart,customer_navigate_cart,customer
Go to basket,customer_navigate_cart,customer
Cart screen,customer_navigate_cart,customer
Open shopping cart,customer_navigate_cart,customer
View my cart page,customer_navigate_cart,customer
Go to cart,customer_navigate_cart,customer
Cart page,customer_navigate_cart,customer
Shopping cart,customer_navigate_cart,customer
Take me to cart,customer_navigate_cart,customer
Open cart,customer_navigate_cart,customer
Navigate to cart,customer_navigate_cart,customer
View cart page,customer_navigate_cart,customer
Show cart page,customer_navigate_cart,customer
Display cart,customer_navigate_cart,customer
Go to basket,customer_navigate_cart,customer
Cart screen,customer_navigate_cart,customer
Open shopping cart,customer_navigate_cart,customer
View my cart page,customer_navigate_cart,customer
Go to cart,customer_navigate_cart,customer
Cart page,customer_navigate_cart,customer
Shopping cart,customer_navigate_cart,customer
Take me to cart,customer_navigate_cart,customer
Open cart,customer_navigate_cart,customer
Navigate to cart,customer_navigate_cart,customer
View cart page,customer_navigate_cart,customer
Show cart page,customer_navigate_cart,customer
Display cart,customer_navigate_cart,customer
Go to basket,customer_navigate_cart,customer
Cart screen,customer_navigate_cart,customer
Open shopping cart,customer_navigate_cart,customer
View my cart page,customer_navigate_cart,customer
Go to cart,customer_navigate_cart,customer
Cart page,customer_navigate_cart,customer
Shopping cart,customer_navigate_cart,customer
Take me to cart,customer_navigate_cart,customer
Open cart,customer_navigate_cart,customer
Navigate to cart,customer_navigate_cart,customer
View cart page,customer_navigate_cart,customer
Show cart page,customer_navigate_cart,customer
Display cart,customer_navigate_cart,customer
Go to basket,customer_navigate_cart,customer
Cart screen,customer_navigate_cart,customer
Open shopping cart,customer_navigate_cart,customer
View my cart page,customer_navigate_cart,customer
Go to cart,customer_navigate_cart,customer
Cart page,customer_navigate_cart,customer
Shopping cart,customer_navigate_cart,customer
Take me to cart,customer_navigate_cart,customer
Open cart,customer_navigate_cart,customer
Navigate to cart,customer_navigate_cart,customer
View cart page,customer_navigate_cart,customer
Show cart page,customer_navigate_cart,customer
Display cart,customer_navigate_cart,customer
Go to basket,customer_navigate_cart,customer
Cart screen,customer_navigate_cart,customer
Open shopping cart,customer_navigate_cart,customer
View my cart page,customer_navigate_cart,customer
Go to cart,customer_navigate_cart,customer
Cart page,customer_navigate_cart,customer
Shopping cart,customer_navigate_cart,customer
Take me to cart,customer_navigate_cart,customer
Open cart,customer_navigate_cart,customer
Navigate to cart,customer_navigate_cart,customer
View cart page,customer_navigate_cart,customer
Show cart page,customer_navigate_cart,customer
Display cart,customer_navigate_cart,customer
Go to basket,customer_navigate_cart,customer
Cart screen,customer_navigate_cart,customer
Open shopping cart,customer_navigate_cart,customer
View my cart page,customer_navigate_cart,customer
Go to cart,customer_navigate_cart,customer
Cart page,customer_navigate_cart,customer
Shopping cart,customer_navigate_cart,customer
Take me to cart,customer_navigate_cart,customer
Open cart,customer_navigate_cart,customer
Navigate to cart,customer_navigate_cart,customer
View cart page,customer_navigate_cart,customer
Show cart page,customer_navigate_cart,customer
Display cart,customer_navigate_cart,customer
Go to basket,customer_navigate_cart,customer
Cart screen,customer_navigate_cart,customer
Open shopping cart,customer_navigate_cart,customer
View my cart page,customer_navigate_cart,customer
Go to cart,customer_navigate_cart,customer
Cart page,customer_navigate_cart,customer
Shopping cart,customer_navigate_cart,customer
Take me to cart,customer_navigate_cart,customer
Open cart,customer_navigate_cart,customer
Navigate to cart,customer_navigate_cart,customer
View cart page,customer_navigate_cart,customer
Show cart page,customer_navigate_cart,customer
Display cart,customer_navigate_cart,customer
Go to orders,customer_navigate_orders,customer
Orders page,customer_navigate_orders,customer
My orders page,customer_navigate_orders,customer
Take me to orders,customer_navigate_orders,customer
Open orders,customer_navigate_orders,customer
Navigate to orders,customer_navigate_orders,customer
View orders page,customer_navigate_orders,customer
Show orders page,customer_navigate_orders,customer
Display orders,customer_navigate_orders,customer
Go to order history,customer_navigate_orders,customer
Orders screen,customer_navigate_orders,customer
Open order history,customer_navigate_orders,customer
View my orders page,customer_navigate_orders,customer
Go to orders,customer_navigate_orders,customer
Orders page,customer_navigate_orders,customer
My orders page,customer_navigate_orders,customer
Take me to orders,customer_navigate_orders,customer
Open orders,customer_navigate_orders,customer
Navigate to orders,customer_navigate_orders,customer
View orders page,customer_navigate_orders,customer
Show orders page,customer_navigate_orders,customer
Display orders,customer_navigate_orders,customer
Go to order history,customer_navigate_orders,customer
Orders screen,customer_navigate_orders,customer
Open order history,customer_navigate_orders,customer
View my orders page,customer_navigate_orders,customer
Go to orders,customer_navigate_orders,customer
Orders page,customer_navigate_orders,customer
My orders page,customer_navigate_orders,customer
Take me to orders,customer_navigate_orders,customer
Open orders,customer_navigate_orders,customer
Navigate to orders,customer_navigate_orders,customer
View orders page,customer_navigate_orders,customer
Show orders page,customer_navigate_orders,customer
Display orders,customer_navigate_orders,customer
Go to order history,customer_navigate_orders,customer
Orders screen,customer_navigate_orders,customer
Open order history,customer_navigate_orders,customer
View my orders page,customer_navigate_orders,customer
Go to orders,customer_navigate_orders,customer
Orders page,customer_navigate_orders,customer
My orders page,customer_navigate_orders,customer
Take me to orders,customer_navigate_orders,customer
Open orders,customer_navigate_orders,customer
Navigate to orders,customer_navigate_orders,customer
View orders page,customer_navigate_orders,customer
Show orders page,customer_navigate_orders,customer
Display orders,customer_navigate_orders,customer
Go to order history,customer_navigate_orders,customer
Orders screen,customer_navigate_orders,customer
Open order history,customer_navigate_orders,customer
View my orders page,customer_navigate_orders,customer
Go to orders,customer_navigate_orders,customer
Orders page,customer_navigate_orders,customer
My orders page,customer_navigate_orders,customer
Take me to orders,customer_navigate_orders,customer
Open orders,customer_navigate_orders,customer
Navigate to orders,customer_navigate_orders,customer
View orders page,customer_navigate_orders,customer
Show orders page,customer_navigate_orders,customer
Display orders,customer_navigate_orders,customer
Go to order history,customer_navigate_orders,customer
Orders screen,customer_navigate_orders,customer
Open order history,customer_navigate_orders,customer
View my orders page,customer_navigate_orders,customer
Go to orders,customer_navigate_orders,customer
Orders page,customer_navigate_orders,customer
My orders page,customer_navigate_orders,customer
Take me to orders,customer_navigate_orders,customer
Open orders,customer_navigate_orders,customer
Navigate to orders,customer_navigate_orders,customer
View orders page,customer_navigate_orders,customer
Show orders page,customer_navigate_orders,customer
Display orders,customer_navigate_orders,customer
Go to order history,customer_navigate_orders,customer
Orders screen,customer_navigate_orders,customer
Open order history,customer_navigate_orders,customer
View my orders page,customer_navigate_orders,customer
Go to orders,customer_navigate_orders,customer
Orders page,customer_navigate_orders,customer
My orders page,customer_navigate_orders,customer
Take me to orders,customer_navigate_orders,customer
Open orders,customer_navigate_orders,customer
Navigate to orders,customer_navigate_orders,customer
View orders page,customer_navigate_orders,customer
Show orders page,customer_navigate_orders,customer
Display orders,customer_navigate_orders,customer
Go to order history,customer_navigate_orders,customer
Orders screen,customer_navigate_orders,customer
Open order history,customer_navigate_orders,customer
View my orders page,customer_navigate_orders,customer
Go to orders,customer_navigate_orders,customer
Orders page,customer_navigate_orders,customer
My orders page,customer_navigate_orders,customer
Take me to orders,customer_navigate_orders,customer
Open orders,customer_navigate_orders,customer
Navigate to orders,customer_navigate_orders,customer
View orders page,customer_navigate_orders,customer
Show orders page,customer_navigate_orders,customer
Display orders,customer_navigate_orders,customer
